,A,R,N,D,C,Q,E,G,H,I,L,K,M,F,P,S,T,W,Y,V
A,4,0,-1,-2,1,0,-1,0,-1,-2,0,-1,1,-1,-6,1,-1,-1,-1,-1
R,0,3,-1,-1,-2,2,1,-5,1,-1,0,2,1,-1,-9,-1,-1,0,0,-1
N,-2,0,5,3,0,1,0,-1,2,-5,-3,0,-1,-1,-8,0,-1,-1,0,-5
D,-2,-1,4,5,-1,0,0,-2,1,-4,-4,-1,-3,-3,-4,1,-1,-1,-2,-4
C,1,-1,0,-1,5,-1,-3,-2,1,-1,0,-3,1,1,-5,1,0,1,1,0
Q,0,2,0,0,-3,3,2,-4,0,-2,0,2,0,-3,-10,0,0,-2,-2,-2
E,1,1,0,2,-5,2,3,-3,-1,-3,-2,2,-2,-3,-4,0,0,-2,-3,-3
G,-2,-4,-2,-2,-2,-4,-5,7,-3,-9,-6,-4,-5,-4,-6,-1,-4,-4,-4,-8
H,-1,1,2,0,0,0,0,-4,4,-2,-1,1,0,1,-7,0,-1,1,2,-1
I,-2,-1,-4,-4,-1,-2,-3,-8,-1,4,2,-2,1,1,-9,-4,-1,0,0,3
L,0,0,-3,-3,0,-1,-2,-6,-1,1,3,-1,2,1,-7,-3,-2,1,0,0
K,0,2,0,0,-4,2,2,-4,0,-2,-1,3,-1,-2,-6,0,0,-2,-2,-1
M,0,0,-1,-2,0,1,-1,-2,0,0,2,0,3,0,-4,0,0,0,0,0
F,-1,-1,-2,-3,1,-2,-3,-4,1,1,2,-3,1,4,-7,-2,-1,2,3,0
P,0,-1,-2,-1,-2,-2,0,-3,-1,-3,-2,0,-2,-2,6,0,-2,-1,-2,-3
S,0,0,0,1,0,0,0,-1,0,-5,-3,0,-2,-2,-3,4,1,-1,-2,-4
T,-2,0,0,-1,0,0,0,-3,0,0,-1,0,-1,-1,-8,1,4,-1,0,0
W,-1,0,-1,-1,-1,0,0,-3,1,0,1,0,1,2,-4,-1,0,4,2,0
Y,-2,0,-1,-3,0,-1,-1,-5,2,0,0,-1,0,3,-10,-1,0,3,4,0
V,-1,-1,-3,-5,1,-1,-3,-6,-1,3,1,-2,0,1,-10,-3,0,-1,0,4
